,player,country,matches,runs,highest_score,batting_avg,100s,wickets,best_bowling_innings,bowling_avg,5wicket_haul,catches_taken,stumping_made,avg_diff,year,allrounder_score
0,H Masakadza ,ZIM,4,120,59,30.0,0,1,1/4,11.0,0,0,0,19.0,2013,6.1000000000000005
1,T Mishra ,KENYA,4,19,13,4.75,0,3,3/25,11.0,0,2,0,-6.24,2013,-0.6749999999999998
2,Mohammad Hafeez ,PAK,4,80,54*,26.66,0,7,3/30,7.85,0,1,0,18.8,2013,8.443
3,NN Odhiambo ,KENYA,4,11,5,5.5,0,2,2/15,42.0,0,1,0,-36.49,2013,-10.149999999999999
4,Shahid Afridi ,PAK,4,75,46,37.5,0,4,3/25,25.5,0,3,0,12.0,2013,5.2
5,P Utseya ,ZIM,4,6,6,6.0,0,5,2/15,19.8,0,0,0,-13.79,2013,-2.1400000000000006
6,LJ Wright ,ENG,4,86,52,28.66,0,2,2/31,29.0,0,1,0,-0.33,2013,0.6980000000000004
7,RG Aga ,KENYA,3,10,8,5.0,0,4,3/24,15.5,0,1,0,-10.49,2013,-1.5499999999999994
8,JP Duminy ,SA,3,132,51*,66.0,0,3,3/18,6.0,0,1,0,60.0,2013,19.2
9,SW Masakadza ,ZIM,3,9,9,9.0,0,2,1/37,55.0,0,1,0,-45.99,2013,-13.0
10,AD Mathews ,SL,3,19,14,6.33,0,1,1/13,59.0,0,1,0,-52.66,2013,-15.401
11,SO Ngoche ,KENYA,3,2,2,2.0,0,5,4/34,17.4,0,0,0,-15.39,2013,-2.6199999999999997
12,Saeed Ajmal ,PAK,3,0,0,0.0,0,2,2/21,37.0,0,1,0,-36.99,2013,-10.299999999999999
13,SMSM Senanayake ,SL,3,1,1*,1.0,0,5,3/14,10.4,0,0,0,-9.39,2013,-0.8200000000000003
14,Sohail Tanvir ,PAK,3,0,0,0.0,0,2,2/20,35.5,0,1,0,-35.49,2013,-9.85
15,Abdur Razzak ,BAN,2,8,6*,8.0,0,2,2/18,26.5,0,0,0,-18.49,2013,-4.749999999999999
16,DI Allan ,KENYA,2,33,18,16.5,0,1,1/8,20.0,0,0,0,-3.49,2013,-0.6499999999999995
17,Mudassar Bukhari ,NED,2,7,4,3.5,0,3,2/24,17.33,0,1,0,-13.83,2013,-2.948999999999999
18,E Chigumbura ,ZIM,2,41,35*,41.0,0,1,1/30,43.0,0,1,0,-1.99,2013,-0.20000000000000107
19,JP Faulkner ,AUS,2,10,5*,10.0,0,3,2/37,25.33,0,0,0,-15.33,2013,-3.398999999999999
20,TGJ Gruijters ,NED,2,5,5,5.0,0,1,1/22,22.0,0,1,0,-16.99,2013,-4.699999999999999
21,KMDN Kulasekara ,SL,2,10,10,10.0,0,3,2/22,19.66,0,0,0,-9.66,2013,-1.6979999999999995
22,CS MacLeod ,SCOT,2,59,46*,59.0,0,2,2/17,13.5,0,1,0,45.5,2013,14.45
23,Mahmudullah ,BAN,2,3,2,1.5,0,1,1/35,44.0,0,1,0,-42.49,2013,-12.35
24,SL Malinga ,SL,2,0,0,0.0,0,2,1/25,28.5,0,0,0,-28.49,2013,-7.749999999999999
25,SP Narine ,WI,2,28,28,14.0,0,4,3/26,12.5,0,0,0,1.5,2013,2.0500000000000007
26,KA Pollard ,WI,2,72,49*,72.0,0,1,1/16,16.0,0,2,0,56.0,2013,17.199999999999996
27,DJG Sammy ,WI,2,31,30,15.5,0,1,1/20,24.0,0,1,0,-8.49,2013,-2.1499999999999995
28,MN Samuels ,WI,2,26,25,13.0,0,1,1/33,33.0,0,1,0,-19.99,2013,-5.6000000000000005
29,Shakib Al Hasan ,BAN,2,105,65,52.5,0,6,4/21,6.83,0,1,0,45.66,2013,16.101
30,MR Swart ,NED,2,116,89,58.0,0,1,1/39,39.0,0,0,0,19.0,2013,6.099999999999998
31,SR Watson ,AUS,2,44,37,22.0,0,1,1/42,66.0,0,0,0,-43.99,2013,-12.8
32,N M'shangwe ,ZIM,1,0,0,0.0,0,1,1/29,29.0,0,0,0,-28.99,2013,-8.299999999999999
33,NM Odhiambo ,KENYA,1,0,0,0.0,0,1,1/13,13.0,0,1,0,-12.99,2013,-3.5
34,KA Pollard ,WI,3,29,16,14.5,0,1,1/19,33.0,0,0,0,-18.49,2014,-5.15
35,AD Russell ,WI,3,15,14*,15.0,0,1,1/17,38.0,0,1,0,-22.99,2014,-6.5
36,DJG Sammy ,WI,3,20,10,10.0,0,3,3/22,14.66,0,2,0,-4.66,2014,-0.1979999999999995
37,CJ Anderson ,NZ,2,29,15,14.5,0,3,2/32,27.66,0,3,0,-13.16,2014,-2.748
38,TA Boult ,NZ,2,5,5,5.0,0,4,2/22,12.5,0,2,0,-7.49,2014,-0.6499999999999999
39,JE Root ,ENG,2,31,26,15.5,0,1,1/16,16.0,0,1,0,-0.49,2014,0.25
40,TG Southee ,NZ,2,2,2,2.0,0,3,2/20,18.0,0,1,0,-15.99,2014,-3.599999999999999
41,KS Williamson ,NZ,2,56,37,28.0,0,1,1/11,11.0,0,0,0,17.0,2014,5.500000000000001
42,CR Woakes ,ENG,2,2,2*,2.0,0,2,1/31,37.0,0,0,0,-34.99,2014,-9.7
43,MM Ali ,ENG,1,0,0,0.0,0,1,1/31,31.0,0,0,0,-30.99,2014,-8.899999999999999
44,RA Jadeja ,IND,1,7,7,7.0,0,1,1/35,35.0,0,0,0,-27.99,2014,-8.0
45,CJ Jordan ,ENG,1,5,5,5.0,0,1,1/43,43.0,0,0,0,-37.99,2014,-11.0
46,AD Mathews ,SL,1,13,13,13.0,0,1,1/7,7.0,0,0,0,6.0,2014,2.1999999999999997
47,NLTC Perera ,SL,1,49,49,49.0,0,1,1/24,24.0,0,0,0,25.0,2014,7.9
48,RD Berrington ,SCOT,8,73,24*,24.33,0,1,1/31,68.0,0,0,0,-43.66,2015,-12.700999999999999
49,PW Borren ,NED,8,187,57,37.4,0,1,1/24,62.0,0,9,0,-24.59,2015,-6.979999999999999
50,KJ O'Brien ,IRE,8,109,36,21.8,0,11,3/8,8.63,0,2,0,13.16,2015,8.351
51,SR Thompson ,IRE,8,42,26*,10.5,0,3,3/10,20.66,0,4,0,-10.16,2015,-1.8479999999999999
52,Mudassar Bukhari ,NED,7,7,4*,2.33,0,11,4/28,14.09,0,4,0,-11.75,2015,0.8720000000000008
53,AR Cusack ,IRE,7,13,13*,13.0,0,3,1/7,38.0,0,0,0,-24.99,2015,-6.300000000000001
54,GH Dockrell ,IRE,7,26,10*,8.66,0,5,3/21,17.2,0,4,0,-8.53,2015,-0.5619999999999994
55,AC Evans ,SCOT,7,0,0,0.0,0,9,5/24,14.88,1,3,0,-14.88,2015,-0.8640000000000003
56,MA Leask ,SCOT,7,24,13,6.0,0,8,3/20,14.87,0,3,0,-8.87,2015,0.5390000000000006
57,B Regmi ,NEP,7,19,11,3.8,0,10,4/16,15.5,0,1,0,-11.69,2015,0.4900000000000002
58,SM Sharif ,SCOT,7,34,26,17.0,0,8,3/29,23.87,0,1,0,-6.87,2015,1.1390000000000002
59,Sompal Kami ,NEP,7,45,16,11.25,0,7,2/24,26.42,0,0,0,-15.17,2015,-1.7509999999999994
60,MRJ Watt ,SCOT,7,1,1*,1.0,0,4,3/28,42.25,0,1,0,-41.24,2015,-10.774999999999999
61,JH Davey ,SCOT,6,12,8,12.0,0,2,1/22,75.5,0,3,0,-63.49,2015,-18.25
62,Mirwais Ashraf ,AFG,6,0,0*,0.0,0,8,2/21,19.75,0,0,0,-19.74,2015,-2.7249999999999996
63,Mohammad Nabi ,AFG,6,117,33*,29.25,0,7,3/25,23.14,0,5,0,6.1,2015,4.633000000000001
64,MJG Rippon ,NED,6,64,25*,64.0,0,7,3/11,12.42,0,0,0,51.57,2015,18.274
65,PM Seelaar ,NED,6,25,6*,6.25,0,3,2/19,28.0,0,1,0,-21.74,2015,-5.325
66,T van der Gugten ,NED,6,14,12*,14.0,0,5,2/16,29.6,0,1,0,-15.59,2015,-2.6800000000000006
67,AG Cremer ,ZIM,5,16,9,8.0,0,7,3/18,17.28,0,1,0,-9.28,2015,0.016000000000000014
68,SP Gauchan ,NEP,5,8,6*,4.0,0,1,1/30,85.0,0,0,0,-80.99,2015,-23.9
69,TE Kane ,IRE,5,28,26*,28.0,0,7,3/19,10.71,0,0,0,17.28,2015,7.987000000000001
70,Karan KC ,NEP,5,5,2*,2.5,0,4,2/24,34.5,0,1,0,-31.99,2015,-8.0
71,Sagar Pun ,NEP,5,55,20,11.0,0,4,3/26,20.25,0,0,0,-9.24,2015,-1.1749999999999998
72,Shahid Afridi ,PAK,5,76,45,19.0,0,2,1/30,75.0,0,1,0,-55.99,2015,-16.0
73,Sikandar Raza ,ZIM,5,43,17,10.75,0,1,1/19,85.0,0,4,0,-74.24,2015,-21.875
74,RE van der Merwe ,NED,5,65,40*,32.5,0,9,2/10,14.44,0,4,0,18.05,2015,9.018
75,Aizaz Khan ,HKG,4,48,31,24.0,0,4,1/7,21.5,0,2,0,2.5,2015,2.3499999999999988
76,Anwar Ali ,PAK,4,48,46,24.0,0,3,2/27,38.66,0,3,0,-14.66,2015,-3.1980000000000004
77,Haseeb Amjad ,HKG,4,5,5,5.0,0,10,4/16,9.9,0,1,0,-4.89,2015,2.53
78,Irfan Ahmed ,HKG,4,34,16,8.5,0,8,3/11,12.5,0,1,0,-3.99,2015,2.0
79,MJ McClenaghan ,NZ,4,0,0,0.0,0,7,2/28,18.71,0,0,0,-18.71,2015,-2.813
80,NL McCullum ,NZ,4,24,18*,12.0,0,3,2/31,45.33,0,2,0,-33.33,2015,-8.799
81,JF Mooney ,IRE,4,27,18*,13.5,0,6,2/7,13.66,0,0,0,-0.16,2015,2.3520000000000003
82,Nadeem Ahmed ,HKG,4,10,10,10.0,0,1,1/25,68.0,0,3,0,-57.99,2015,-17.0
83,Nizakat Khan ,HKG,4,85,26,21.25,0,1,1/10,27.0,0,0,0,-5.74,2015,-1.3249999999999993
84,AM Phangiso ,SA,4,2,2,2.0,0,7,3/30,17.14,0,0,0,-15.14,2015,-1.742
85,Shoaib Malik ,PAK,4,68,46*,22.66,0,5,2/16,12.0,0,0,0,10.66,2015,5.198
86,Tanwir Afzal ,HKG,4,23,18,7.66,0,2,1/34,55.0,0,0,0,-47.33,2015,-13.402000000000001
87,P Utseya ,ZIM,4,16,13*,16.0,0,1,1/31,109.0,0,0,0,-92.99,2015,-27.499999999999996
88,D Wiese ,SA,4,2,2,2.0,0,5,2/12,15.8,0,2,0,-13.79,2015,-2.14
89,SC Williams ,ZIM,4,107,58*,35.66,0,7,3/28,17.71,0,2,0,17.95,2015,8.184999999999999
90,CJA Amini ,PNG,3,43,37*,43.0,0,2,2/23,15.0,0,2,0,28.0,2015,9.200000000000001
91,MD Dai ,PNG,3,18,11,9.0,0,2,2/13,24.5,0,3,0,-15.49,2015,-3.8499999999999996
92,CD de Lange ,SCOT,3,1,1,1.0,0,1,1/44,53.0,0,1,0,-51.99,2015,-15.2
93,GD Elliott ,NZ,3,33,20,11.0,0,1,1/7,29.0,0,0,0,-17.99,2015,-5.0
94,Mohammad Naveed ,UAE,3,38,19*,19.0,0,2,1/10,38.0,0,0,0,-18.99,2015,-4.9
95,Mustafizur Rahman ,BAN,3,1,1,0.5,0,3,2/20,28.0,0,0,0,-27.49,2015,-7.050000000000001
96,Nasir Hossain ,BAN,3,1,1,0.5,0,3,2/26,26.33,0,1,0,-25.83,2015,-6.5489999999999995
97,MP O'Dowd ,NED,3,20,17,10.0,0,1,1/7,7.0,0,2,0,3.0,2015,1.2999999999999998
98,Shakib Al Hasan ,BAN,3,91,57*,45.5,0,1,1/24,78.0,0,1,0,-32.49,2015,-9.349999999999998
99,Sohail Tanvir ,PAK,3,9,8,4.5,0,4,3/29,22.25,0,0,0,-17.74,2015,-3.7249999999999996
100,Umair Ali ,UAE,3,22,13,22.0,0,1,1/13,28.0,0,0,0,-5.99,2015,-1.4000000000000004
101,A Vala ,PNG,3,73,34*,36.5,0,3,2/7,6.66,0,2,0,29.83,2015,10.152
102,Amjad Javed ,UAE,2,23,14,11.5,0,1,1/37,61.0,0,0,0,-49.49,2015,-14.450000000000001
103,F Behardien ,SA,2,40,36,40.0,0,1,1/4,4.0,0,0,0,36.0,2015,11.200000000000001
104,STR Binny ,IND,2,35,24,17.5,0,1,1/14,22.0,0,0,0,-4.49,2015,-0.9499999999999993
105,JP Duminy ,SA,2,24,18,12.0,0,2,2/11,18.5,0,1,0,-6.49,2015,-1.1500000000000004
106,AM Guruge ,UAE,2,1,1,1.0,0,1,1/18,46.0,0,0,0,-44.99,2015,-13.1
107,A Karn ,NEP,2,4,4,4.0,0,1,1/31,49.0,0,0,0,-44.99,2015,-13.1
108,B Kumar ,IND,2,9,9,9.0,0,2,2/26,24.0,0,0,0,-14.99,2015,-3.6999999999999993
109,JDS Neesham ,NZ,2,28,28,28.0,0,2,1/21,21.5,0,1,0,6.5,2015,2.750000000000001
110,AR Patel ,IND,2,13,13,13.0,0,4,3/17,10.0,0,2,0,3.0,2015,2.5
111,NLTC Perera ,SL,2,3,2,1.5,0,3,2/30,19.0,0,0,0,-17.49,2015,-4.05
112,JB Reva ,PNG,2,2,2,2.0,0,3,2/11,12.33,0,0,0,-10.33,2015,-1.8989999999999996
113,TAM Siriwardana ,SL,2,58,35,29.0,0,1,1/17,17.0,0,0,0,12.0,2015,4.0
114,DJ Willey ,ENG,2,6,6,6.0,0,5,3/22,11.2,0,1,0,-5.19,2015,0.43999999999999995
115,GH Worker ,NZ,2,90,62,45.0,0,1,1/19,19.0,0,1,0,26.0,2015,8.2
116,CJ Chibhabha ,ZIM,3,35,20,11.66,0,2,2/13,27.5,0,0,0,-15.83,2016,-3.952
117,AG Cremer ,ZIM,3,8,4,4.0,0,1,1/32,91.0,0,0,0,-86.99,2016,-25.7
118,N Madziva ,ZIM,3,6,5*,6.0,0,2,1/32,42.5,0,0,0,-36.49,2016,-10.15
119,AR Patel ,IND,3,38,20*,38.0,0,2,1/18,29.5,0,2,0,8.5,2016,3.3500000000000014
120,DJ Bravo ,WI,2,4,3,4.0,0,2,2/37,18.5,0,1,0,-14.49,2016,-3.55
121,TM Dilshan ,SL,2,5,4,2.5,0,2,2/8,4.0,0,0,0,-1.49,2016,0.3500000000000001
122,JP Faulkner ,AUS,2,1,1,1.0,0,4,3/19,14.25,0,2,0,-13.24,2016,-2.374999999999999
123,MC Henriques ,AUS,2,1,1,1.0,0,1,1/24,45.0,0,1,0,-43.99,2016,-12.8
124,SS Pathirana ,SL,2,8,6,4.0,0,3,2/23,22.66,0,0,0,-18.66,2016,-4.398
125,NLTC Perera ,SL,2,7,7,3.5,0,1,1/58,77.0,0,2,0,-73.49,2016,-21.65
126,KA Pollard ,WI,2,35,22,17.5,0,1,1/30,30.0,0,0,0,-12.49,2016,-3.3499999999999996
127,S Prasanna ,SL,2,8,7,4.0,0,1,1/16,47.0,0,0,0,-42.99,2016,-12.5
128,AD Russell ,WI,2,35,22,17.5,0,1,1/53,60.0,0,0,0,-42.49,2016,-12.35
129,Aizaz Khan ,HKG,1,5,5,5.0,0,3,3/10,3.33,0,0,0,1.66,2016,1.701
130,AR McBrine ,IRE,1,10,10,10.0,0,1,1/22,22.0,0,0,0,-11.99,2016,-3.1999999999999997
131,AD Mathews ,SL,1,11,11,11.0,0,2,2/27,13.5,0,0,0,-2.49,2016,0.04999999999999982
132,J Mulder ,IRE,1,1,1,1.0,0,1,1/25,25.0,0,0,0,-23.99,2016,-6.8
133,KJ O'Brien ,IRE,1,32,32,32.0,0,1,1/39,39.0,0,0,0,-6.99,2016,-1.6999999999999993
134,Tanwir Afzal ,HKG,1,6,6,6.0,0,2,2/18,9.0,0,1,0,-2.99,2016,-0.10000000000000009
135,CR Brathwaite ,WI,9,96,37*,48.0,0,12,3/20,14.5,0,5,0,33.5,2017,14.85
136,SP Narine ,WI,9,21,9,5.25,0,10,3/11,19.6,0,4,0,-14.34,2017,-0.3049999999999997
137,MN Samuels ,WI,9,283,89*,40.42,0,3,1/11,18.0,0,2,0,22.42,2017,7.926000000000001
138,R Powell ,WI,7,35,28,11.66,0,1,1/20,20.0,0,4,0,-8.33,2017,-2.1020000000000003
139,JE Taylor ,WI,5,1,1,1.0,0,6,2/31,25.83,0,2,0,-24.83,2017,-5.048999999999999
140,JO Holder ,WI,4,40,26*,20.0,0,2,2/27,54.5,0,2,0,-34.49,2017,-9.549999999999997
141,Imad Wasim ,PAK,4,4,4,2.0,0,2,1/12,42.5,0,3,0,-40.49,2017,-11.35
142,CJ Jordan ,ENG,4,6,6,6.0,0,5,3/31,29.2,0,1,0,-23.19,2017,-4.96
143,Shadab Khan ,PAK,4,16,13,16.0,0,10,4/14,7.5,0,0,0,8.5,2017,6.550000000000001
144,Wahab Riaz ,PAK,4,25,24,12.5,0,4,1/6,27.0,0,1,0,-14.49,2017,-2.75
145,DJ Willey ,ENG,4,2,1,1.0,0,2,1/29,61.5,0,2,0,-60.49,2017,-17.349999999999998
146,WT Gavera ,PNG,3,3,2,1.5,0,2,2/19,31.5,0,0,0,-29.99,2017,-8.2
147,Gulbadin Naib ,AFG,3,31,12,15.5,0,1,1/10,10.0,0,1,0,5.5,2017,2.05
148,Karim Janat ,AFG,3,36,20,12.0,0,2,1/12,36.0,0,0,0,-23.99,2017,-6.3999999999999995
149,Mohammad Nabi ,AFG,3,48,38,16.0,0,2,1/21,38.5,0,0,0,-22.49,2017,-5.949999999999999
150,Mohammad Naveed ,UAE,3,19,15,9.5,0,7,3/18,9.57,0,1,0,-0.07,2017,2.7790000000000004
151,AL Phehlukwayo ,SA,3,27,27*,27.0,0,4,2/44,22.25,0,0,0,4.75,2017,3.0249999999999995
152,LE Plunkett ,ENG,3,18,18,9.0,0,6,3/27,14.16,0,2,0,-5.16,2017,0.8519999999999994
153,Rashid Khan ,AFG,3,35,33,17.5,0,2,1/14,25.0,0,0,0,-7.49,2017,-1.4500000000000002
154,JB Reva ,PNG,3,7,6,3.5,0,3,2/18,23.0,0,0,0,-19.49,2017,-4.6499999999999995
155,Rohan Mustafa ,UAE,3,16,9,5.33,0,4,2/27,11.75,0,2,0,-6.41,2017,-0.32600000000000007
156,Sohail Tanvir ,PAK,3,6,4,6.0,0,2,1/21,45.0,0,0,0,-38.99,2017,-10.9
157,A Vala ,PNG,3,23,13,7.66,0,1,1/17,51.0,0,1,0,-43.33,2017,-12.601999999999999
158,N Vanua ,PNG,3,19,14,9.5,0,6,3/35,15.83,0,1,0,-6.33,2017,0.5010000000000003
159,CH Morris ,SA,2,20,12,10.0,0,2,2/18,21.0,0,0,0,-10.99,2017,-2.5
160,CA Soper ,PNG,2,7,7,7.0,0,1,1/20,27.0,0,0,0,-19.99,2017,-5.6
161,S Prasanna ,SL,1,11,11,11.0,0,1,1/25,25.0,0,0,0,-13.99,2017,-3.8000000000000003
162,AU Rashid ,ENG,1,1,1,1.0,0,3,3/25,8.33,0,0,0,-7.33,2017,-0.9989999999999999
163,Shoaib Malik ,ICC/PAK,11,300,53,75.0,0,3,2/13,18.66,0,4,0,56.33,2018,18.102
164,Faheem Ashraf ,PAK,10,37,21,18.5,0,7,3/5,28.0,0,4,0,-9.49,2018,-0.05000000000000071
165,Hussain Talat ,PAK,10,264,63,29.33,0,4,2/12,10.0,0,4,0,19.33,2018,7.398999999999999
166,Shadab Khan ,PAK,10,53,29,17.66,0,13,2/23,20.69,0,5,0,-3.02,2018,4.291000000000001
167,GH Dockrell ,IRE,8,47,22*,11.75,0,7,2/15,29.28,0,7,0,-17.53,2018,-2.4590000000000005
168,Hasan Ali ,PAK,8,0,0,0.0,0,8,2/19,24.5,0,3,0,-24.49,2018,-4.1499999999999995
169,Mohammad Nawaz ,3 (PAK,8,6,6,6.0,0,8,2/11,22.37,0,2,0,-16.37,2018,-1.7110000000000003
170,KJ O'Brien ,IRE,8,73,28,10.42,0,4,3/40,25.25,0,3,0,-14.82,2018,-2.8489999999999993
171,Simi Singh ,IRE,8,123,57*,17.57,0,8,3/23,24.87,0,2,0,-7.3,2018,1.0099999999999998
172,PR Stirling ,IRE,8,206,81,25.75,0,2,1/10,49.0,0,3,0,-23.24,2018,-6.174999999999999
173,SR Thompson ,IRE,8,59,15,9.83,0,2,1/25,76.5,0,8,0,-66.66,2018,-19.201
174,S Badree ,WI,7,10,7,10.0,0,2,2/4,84.5,0,0,0,-74.49,2018,-21.549999999999997
175,KMA Paul ,WI,7,30,17,15.0,0,8,2/24,26.25,0,1,0,-11.24,2018,-0.17499999999999982
176,AC Agar ,AUS,6,52,29,17.33,0,2,2/16,71.0,0,3,0,-53.66,2018,-15.301000000000002
177,RD Berrington ,SCOT,6,169,64*,56.33,0,4,1/7,16.5,0,2,0,39.83,2018,13.549
178,PKD Chase ,IRE,6,7,4,7.0,0,9,4/35,21.55,0,3,0,-14.55,2018,-0.7649999999999997
179,MA Leask ,SCOT,6,56,38*,18.66,0,5,3/31,27.6,0,3,0,-8.93,2018,-0.6819999999999995
180,Mahmudullah ,BAN,6,168,45,42.0,0,2,2/1,5.0,0,4,0,37.0,2018,11.9
181,GJ Maxwell ,AUS,6,81,56,20.25,0,4,2/35,18.75,0,2,0,1.5,2018,2.0500000000000007
182,Nazmul Islam ,BAN,6,17,7,17.0,0,5,3/28,23.6,0,1,0,-6.59,2018,0.019999999999999574
183,R Powell ,WI,6,91,43,18.2,0,1,1/34,47.0,0,3,0,-28.79,2018,-8.239999999999998
184,Rashid Khan ,AFG/ICC,6,16,9,5.33,0,17,4/12,8.76,0,3,0,-3.43,2018,5.771000000000001
185,Shakib Al Hasan ,BAN,6,131,60,21.83,0,5,2/19,28.0,0,1,0,-6.16,2018,0.14899999999999913
186,B Stanlake ,AUS,6,7,7,7.0,0,8,4/8,20.87,0,0,0,-13.87,2018,-0.9609999999999994
187,MP Stoinis ,AUS,6,41,16,13.66,0,4,1/9,32.0,0,4,0,-18.33,2018,-3.9019999999999992
188,AJ Tye ,AUS,6,32,20,16.0,0,12,3/12,15.25,0,3,0,0.75,2018,5.025000000000001
189,KOK Williams ,WI,6,1,1,0.5,0,9,4/28,24.0,0,3,0,-23.49,2018,-3.4499999999999993
190,AC Evans ,SCOT,5,0,0,0.0,0,8,3/23,19.62,0,1,0,-19.62,2018,-2.686
191,FJ Klaassen ,NED,5,2,1*,2.0,0,3,1/29,50.33,0,0,0,-48.33,2018,-13.298999999999998
192,Mohammad Nabi ,AFG,5,53,31*,13.25,0,6,2/19,18.66,0,2,0,-5.41,2018,0.7770000000000001
193,Rubel Hossain ,BAN,5,2,2*,2.0,0,5,1/13,29.2,0,0,0,-27.19,2018,-6.16
194,PM Seelaar ,NED,5,62,36,31.0,0,5,3/25,24.0,0,2,0,7.0,2018,4.1
195,SM Sharif ,SCOT,5,13,10,13.0,0,4,2/31,40.75,0,1,0,-27.74,2018,-6.725
196,Soumya Sarkar ,BAN,5,37,15,7.4,0,1,1/18,26.0,0,1,0,-18.59,2018,-5.18
197,PA van Meekeren ,NED,5,12,8,6.0,0,2,1/20,60.0,0,0,0,-53.99,2018,-15.4
198,MRJ Watt ,SCOT,5,1,1,1.0,0,3,1/18,47.0,0,2,0,-45.99,2018,-12.6
199,Ariful Haque ,BAN,4,39,18*,39.0,0,1,1/13,13.0,0,2,0,26.0,2018,8.2
200,CR Brathwaite ,WI,4,16,11,8.0,0,3,2/32,32.0,0,2,0,-23.99,2018,-6.0
201,CJ Jordan ,ENG,4,3,3,1.5,0,4,3/42,35.75,0,3,0,-34.24,2018,-8.675
202,SF Mire ,ZIM,4,212,94,53.0,0,1,1/15,82.0,0,1,0,-28.99,2018,-8.3
203,B Muzarabani ,ZIM,4,1,1*,1.0,0,5,3/21,27.2,0,1,0,-26.19,2018,-5.86
204,AR Nurse ,WI,4,16,16,16.0,0,4,2/6,18.25,0,5,0,-2.24,2018,0.9250000000000007
205,MP O'Dowd ,NED,4,95,39,23.75,0,1,1/10,16.0,0,0,0,7.75,2018,2.7250000000000005
206,LE Plunkett ,ENG,4,12,9,12.0,0,3,2/34,45.0,0,1,0,-32.99,2018,-8.7
207,WB Rankin ,IRE,4,22,10,11.0,0,2,2/14,54.5,0,1,0,-43.49,2018,-12.249999999999998
208,AD Russell ,WI,4,120,47,60.0,0,4,2/25,30.25,0,1,0,29.75,2018,10.525000000000002
209,S Snater ,NED,4,8,6,4.0,0,4,2/25,24.75,0,1,0,-20.74,2018,-4.625
210,DJ Willey ,ENG,4,33,29*,33.0,0,4,1/18,29.0,0,0,0,4.0,2018,2.8000000000000007
211,Aftab Alam ,AFG,3,1,1,1.0,0,3,2/30,21.66,0,3,0,-20.66,2018,-4.998
212,W Barresi ,NED,3,102,53*,51.0,0,2,1/3,19.0,0,0,0,32.0,2018,10.399999999999999
213,TS Chisoro ,ZIM,3,7,6,3.5,0,2,2/28,42.5,0,0,0,-38.99,2018,-10.9
214,RR Emrit ,WI,3,12,11,6.0,0,3,1/24,38.0,0,0,0,-31.99,2018,-8.4
215,Karim Janat ,AFG,3,0,0,0.0,0,3,1/27,37.0,0,0,0,-36.99,2018,-9.899999999999999
216,Abu Jayed ,BAN,2,1,1,1.0,0,3,2/27,20.33,0,1,0,-19.33,2018,-4.598999999999999
217,MM Ali ,ENG,2,6,6,6.0,0,1,1/58,95.0,0,1,0,-88.99,2018,-26.3
218,CJ Chibhabha ,ZIM,2,18,18,9.0,0,1,1/29,48.0,0,0,0,-38.99,2018,-11.299999999999999
219,JB Little ,IRE,2,1,1*,1.0,0,3,2/20,22.66,0,0,0,-21.66,2018,-5.298
220,WP Masakadza ,ZIM,2,3,3,3.0,0,2,1/30,31.0,0,1,0,-27.99,2018,-7.599999999999999
221,Mohammad Hafeez ,PAK,2,7,7,3.5,0,2,2/3,1.5,0,0,0,2.0,2018,1.4000000000000001
222,Mosaddek Hossain ,BAN,2,14,14,7.0,0,2,2/21,12.0,0,2,0,-4.99,2018,-0.6999999999999993
223,CB Mpofu ,ZIM,2,3,3,3.0,0,1,1/31,84.0,0,1,0,-80.99,2018,-23.9
224,OF Smith ,WI,2,6,6,6.0,0,2,1/38,39.0,0,0,0,-32.99,2018,-9.1
225,T van der Gugten ,NED,2,13,13,6.5,0,1,1/47,72.0,0,0,0,-65.49,2018,-19.249999999999996
226,Abul Hasan ,BAN,1,5,5,5.0,0,2,2/40,20.0,0,0,0,-14.99,2018,-3.7
227,A Dananjaya ,SL,1,2,2,2.0,0,2,2/15,7.5,0,0,0,-5.49,2018,-0.8500000000000001
228,DM de Silva ,SL,1,31,31,31.0,0,2,2/22,11.0,0,0,0,20.0,2018,6.8
229,JP Duminy ,SA,1,3,3,3.0,0,1,1/2,2.0,0,0,0,1.0,2018,0.6999999999999998
230,TE Kane ,IRE,1,8,8,8.0,0,2,2/50,25.0,0,0,0,-16.99,2018,-4.3
231,K Rabada ,SA,1,0,0,0.0,0,2,2/24,12.0,0,0,0,-11.99,2018,-2.8
232,Shahid Afridi ,ICC,1,11,11,11.0,0,1,1/34,34.0,0,0,0,-22.99,2018,-6.5
233,T Shamsi ,SA,1,0,0,0.0,0,2,2/26,13.0,0,1,0,-12.99,2018,-3.0999999999999996
234,Fitri Sham ,MAS,10,22,12,5.5,0,9,3/26,18.77,0,2,0,-13.27,2019,-0.38099999999999934
235,Izatullah Dawlatzai ,GER,10,26,24*,26.0,0,12,3/23,17.58,0,2,0,8.41,2019,7.326000000000002
236,Muhamad Syahadat ,MAS,10,122,41*,20.33,0,11,3/7,11.54,0,1,0,8.78,2019,7.036999999999999
237,S Muniandy ,MAS,10,60,16*,12.0,0,3,2/5,42.33,0,3,0,-30.33,2019,-7.899
238,Syed Aziz ,MAS,10,275,57*,34.37,0,4,2/33,46.75,0,0,0,-12.37,2019,-2.1140000000000025
239,Ahmed Wardak ,GER,9,27,20*,13.5,0,14,4/20,12.14,0,0,0,1.35,2019,6.008000000000001
240,Amir Mangal ,GER,9,124,40,20.66,0,1,1/17,57.0,0,3,0,-36.33,2019,-10.501999999999999
241,Anwar Rahman ,MAS,9,5,3*,1.66,0,11,4/16,10.63,0,2,0,-8.96,2019,1.7090000000000005
242,Asad Mohammad ,GER,9,12,5,4.0,0,1,1/18,158.0,0,4,0,-153.99,2019,-45.8
243,Delawar Khan ,DEN,9,47,17,6.71,0,7,2/21,18.42,0,3,0,-11.71,2019,-0.7130000000000001
244,OD Hald ,DEN,9,61,18,8.71,0,9,3/18,12.55,0,4,0,-3.84,2019,2.448
245,DR Hooper ,GUE,9,76,19*,15.2,0,9,3/5,23.44,0,4,0,-8.24,2019,1.1280000000000001
246,ND Laegsgaard ,DEN,9,105,39,15.0,0,9,2/5,11.66,0,6,0,3.33,2019,4.602
247,LC Le Tissier ,GUE,9,30,9,6.0,0,12,3/17,17.25,0,2,0,-11.24,2019,1.4250000000000007
248,PM Seelaar ,NED,9,214,96*,42.8,0,9,3/28,26.11,0,4,0,16.68,2019,8.607
249,HAM Shah ,DEN,9,172,40,21.5,0,5,4/23,17.2,0,6,0,4.3,2019,3.29
250,Baljit Singh ,ITA,8,4,3,1.33,0,12,4/20,10.58,0,1,0,-9.24,2019,2.025000000000001
251,DG Blampied ,JER,8,150,43*,30.0,0,13,4/20,12.15,0,6,0,17.84,2019,10.555
252,RP Burl ,ZIM,8,123,57*,24.6,0,4,1/13,33.75,0,8,0,-9.14,2019,-1.1449999999999996
253,AW Hawkins-Kay ,JER,8,80,27*,20.0,0,11,4/14,12.9,0,4,0,7.09,2019,6.53
254,KM Jarvis ,ZIM,8,45,27,22.5,0,11,3/32,24.9,0,4,0,-2.4,2019,3.6800000000000015
255,NA Maiolo ,ITA,8,106,39*,17.66,0,7,2/8,21.71,0,2,0,-4.04,2019,1.5850000000000009
256,EJB Miles ,JER,8,7,7,7.0,0,11,3/10,11.18,0,3,0,-4.18,2019,3.1460000000000004
257,GRD Munasinghe ,ITA,8,5,4*,1.66,0,9,4/11,21.22,0,4,0,-19.55,2019,-2.268
258,WA Peatfield ,GUE,8,8,7*,8.0,0,9,3/23,22.0,0,0,0,-13.99,2019,-0.5999999999999996
259,CW Perchard ,JER,8,17,12,17.0,0,13,5/17,8.61,1,3,0,8.38,2019,7.7170000000000005
260,Rakibul Hasan ,ITA,8,14,5*,4.66,0,8,2/20,18.37,0,0,0,-13.7,2019,-0.9130000000000003
261,MJ Ross ,ITA,8,56,34,14.0,0,7,4/15,17.14,0,3,0,-3.14,2019,1.8579999999999997
262,BDH Stevens ,JER,8,153,44,21.85,0,4,3/17,20.0,0,13,0,1.85,2019,2.155000000000001
263,SC Williams ,ZIM,8,128,58*,21.33,0,7,2/16,29.85,0,4,0,-8.52,2019,0.24399999999999977
264,Abdul-Shakoor Rahimzei ,GER,7,41,17,10.25,0,7,2/10,14.42,0,4,0,-4.17,2019,1.5490000000000004
265,MG Erasmus ,NAM,7,139,56,34.75,0,8,3/12,9.87,0,6,0,24.87,2019,10.664
266,JN Frylinck ,NAM,7,30,19*,30.0,0,6,2/21,14.0,0,4,0,16.0,2019,7.2
267,Iqbal Hussain ,QAT,7,9,4*,4.5,0,15,4/33,13.66,0,3,0,-9.16,2019,3.252
268,J Jojo ,DEN,7,36,13,18.0,0,2,2/25,49.0,0,1,0,-30.99,2019,-8.5
269,M Mooketsi ,BOT,7,8,3,1.6,0,6,2/31,32.83,0,1,0,-31.23,2019,-6.968999999999998
270,Muslim Yar ,GER,7,2,2,2.0,0,7,2/17,17.0,0,1,0,-14.99,2019,-1.6999999999999993
271,Sahir Naqash ,GER,7,71,38*,17.75,0,4,2/3,13.0,0,1,0,4.75,2019,3.025000000000001
272,ACF Stokes ,GUE,7,31,16,6.2,0,5,2/26,30.4,0,1,0,-24.19,2019,-5.26
273,Tamoor Sajjad ,QAT,7,183,46*,36.6,0,3,2/14,59.0,0,9,0,-22.39,2019,-5.52
274,Virandeep Singh ,MAS,7,184,57,26.28,0,3,2/15,30.66,0,2,0,-4.38,2019,-0.11400000000000077
275,Aaron Jones ,USA,6,79,39,19.75,0,2,1/6,14.0,0,0,0,5.75,2019,2.5249999999999995
276,Adnan Idrees ,KUW,6,259,80,43.16,0,1,1/34,67.0,0,4,0,-23.83,2019,-6.751999999999999
277,Anique Uddin ,DEN,6,64,31,10.66,0,2,2/12,7.0,0,2,0,3.66,2019,1.8980000000000001
278,MNM Aslam ,KUW,6,55,26,13.75,0,3,1/13,28.33,0,2,0,-14.58,2019,-3.1739999999999986
279,Awais Malik ,QAT,6,1,1,0.25,0,4,2/28,41.75,0,0,0,-41.49,2019,-10.85
280,OGL Bascome ,BER,6,83,22,16.6,0,8,4/10,11.12,0,2,0,5.47,2019,4.843999999999999
281,NS Dhaliwal ,CAN,6,190,54,63.33,0,1,1/11,16.0,0,4,0,47.33,2019,14.598999999999997
282,AC Douglas ,BER,6,96,47*,24.0,0,5,5/18,6.0,1,5,0,18.0,2019,7.3999999999999995
283,AF Ifill ,CAY,6,37,9,7.4,0,4,1/7,37.75,0,1,0,-30.34,2019,-7.504999999999999
284,Ilyas Ahmed ,KUW,6,2,1*,2.0,0,9,3/17,17.77,0,1,0,-15.77,2019,-1.1309999999999993
285,Inam-ul-Haq ,QAT,6,106,41,17.66,0,4,1/13,33.25,0,2,0,-15.58,2019,-3.077
286,Karan KC ,NEP,6,20,16,6.66,0,10,3/27,15.2,0,3,0,-8.53,2019,1.4380000000000006
287,NR Kumar ,CAN,6,92,41,30.66,0,6,2/18,14.83,0,1,0,15.83,2019,7.149000000000001
288,S Lamichhane ,NEP,6,9,9,4.5,0,11,3/21,15.27,0,2,0,-10.77,2019,1.1690000000000005
289,KS Leverock ,BER,6,106,33,21.2,0,1,1/26,42.0,0,2,0,-20.79,2019,-5.84
290,NCK Liyanage ,MAS,6,8,8,4.0,0,3,1/19,33.33,0,1,0,-29.33,2019,-7.598999999999998
291,D Maisuria ,BOT,6,6,6*,6.0,0,11,4/28,11.0,0,1,0,-4.99,2019,2.9000000000000004
292,P Manning ,CAY,6,56,28,11.2,0,2,2/3,26.5,0,1,0,-15.29,2019,-3.789999999999999
293,Mohammad Ahsan ,KUW,6,19,8,6.33,0,4,2/31,48.0,0,0,0,-41.66,2019,-10.900999999999998
294,A Morris ,CAY,6,5,3*,2.5,0,6,2/17,19.0,0,0,0,-16.49,2019,-2.55
295,CB Mpofu ,ZIM,6,17,17*,17.0,0,11,4/30,17.72,0,0,0,-0.72,2019,4.184
296,Muhammad Kashif ,KUW,6,173,51,57.66,0,8,3/30,15.87,0,2,0,41.79,2019,15.736999999999998
297,SN Netravalkar ,USA,6,19,12,19.0,0,2,1/20,61.0,0,3,0,-41.99,2019,-11.8
298,Nouman Sarwar ,QAT,6,118,47*,39.33,0,10,3/17,12.9,0,5,0,26.43,2019,11.928999999999998
299,Saad Bin Zafar ,CAN,6,31,20,15.5,0,8,3/8,17.62,0,2,0,-2.12,2019,2.563999999999999
300,Shiraz Khan ,KUW,6,32,16*,8.0,0,3,2/35,46.66,0,3,0,-38.66,2019,-10.398
301,Sompal Kami ,NEP,6,23,11,11.5,0,6,3/23,19.16,0,3,0,-7.66,2019,0.10199999999999942
302,SR Taylor ,USA,6,144,56*,28.8,0,3,2/10,23.33,0,4,0,5.46,2019,2.841
303,T Taylor ,CAY,6,71,19*,17.75,0,2,1/17,37.0,0,1,0,-19.24,2019,-4.975
304,RJ Trott ,BER,6,11,6,11.0,0,3,2/15,35.66,0,0,0,-24.66,2019,-6.197999999999999
305,HR Walsh ,USA,6,99,28,19.8,0,4,1/8,24.75,0,2,0,-4.94,2019,0.1150000000000011
306,C Wright ,CAY,6,26,16*,8.66,0,2,2/34,26.5,0,2,0,-17.83,2019,-4.552
307,Abdullah Akbarjan ,Aut,5,29,29,29.0,0,6,3/20,12.0,0,2,0,17.0,2019,7.5
308,MR Adair ,IRE,5,51,38,17.0,0,7,4/40,21.57,0,1,0,-4.57,2019,1.4290000000000003
309,SA Ahmad ,DEN,5,46,25,23.0,0,4,3/9,10.0,0,1,0,13.0,2019,5.5
310,TP Allen ,USA,5,27,11*,13.5,0,1,1/11,28.0,0,3,0,-14.49,2019,-3.95
311,CJA Amini ,PNG,5,108,51,36.0,0,4,1/11,26.25,0,0,0,9.75,2019,4.524999999999999
312,Amjad Sher ,FIN,5,56,24,11.2,0,5,2/22,17.6,0,2,0,-6.39,2019,0.07999999999999918
313,Arshad Hayat ,CZK-R,5,2,2,1.0,0,4,2/15,19.5,0,0,0,-18.49,2019,-3.9499999999999993
314,P Bhart ,NOR,5,3,2*,3.0,0,3,2/29,22.66,0,0,0,-19.66,2019,-4.698
315,Bilal Zalmai ,Aut,5,208,111*,69.33,1,9,4/12,7.33,0,3,0,62.0,2019,22.200000000000003
316,A Bohara ,NEP,5,0,0,0.0,0,6,4/35,22.33,0,3,0,-22.33,2019,-4.298999999999999
317,TL Chatara ,ZIM,5,0,0,0.0,0,7,2/32,22.85,0,1,0,-22.85,2019,-4.055
318,JW Chilia ,VAN,5,48,23,16.0,0,3,1/24,46.66,0,0,0,-30.66,2019,-7.997999999999999
319,H Dandapani ,FIN,5,8,5,8.0,0,5,2/6,18.0,0,1,0,-9.99,2019,-0.9999999999999991
320,GJ Delany ,IRE,5,101,52,25.25,0,2,2/31,55.5,0,2,0,-30.24,2019,-8.274999999999999
321,KR Ebanks ,CAY,5,15,8,3.75,0,1,1/25,104.0,0,0,0,-100.24,2019,-29.675
322,Faran Afzal ,ESP,5,20,13,5.0,0,6,3/11,16.16,0,1,0,-11.16,2019,-0.9479999999999995
323,H Gori ,CZK-R,5,179,66,35.8,0,5,3/13,17.8,0,1,0,18.0,2019,7.399999999999999
324,Jaspreet Singh ,ITA,5,19,11,9.5,0,1,1/26,53.0,0,1,0,-43.49,2019,-12.649999999999999
325,MO Jones ,BER,5,56,27,18.66,0,3,2/26,24.0,0,1,0,-5.33,2019,-0.40199999999999925
326,Junaid Sheikh ,NOR,5,19,9,6.33,0,2,1/21,52.0,0,5,0,-45.66,2019,-12.901
327,P Khadka ,NEP,5,217,86*,54.25,0,1,1/23,27.0,0,3,0,27.25,2019,8.574999999999998
328,FJ Klaassen ,NED,5,13,13,6.5,0,3,3/36,57.33,0,1,0,-50.83,2019,-14.048999999999998
329,Kuldeep Lal ,ESP,5,61,38,30.5,0,2,2/33,41.5,0,4,0,-10.99,2019,-2.4999999999999982
330,A Lark ,Aut,5,110,43,27.5,0,4,3/20,13.75,0,3,0,13.75,2019,5.725
331,A Mansale ,VAN,5,67,27,13.4,0,7,3/13,12.28,0,0,0,1.11,2019,3.1360000000000006
332,PK Matautaava ,VAN,5,68,32,13.6,0,7,2/9,15.57,0,2,0,-1.97,2019,2.2090000000000005
333,Md Nurul Huda ,FIN,5,50,30*,25.0,0,9,3/11,13.11,0,4,0,11.88,2019,7.167
334,CAJ Meschede ,GER,5,179,67,44.75,0,6,2/11,19.16,0,1,0,25.58,2019,10.076999999999998
335,Naveed Ahmed ,CZK-R,5,0,0,0.0,0,1,1/15,27.0,0,3,0,-26.99,2019,-7.699999999999999
336,N Nipiko ,VAN,5,67,33,13.4,0,10,5/19,13.7,1,1,0,-0.29,2019,3.91
337,SH Obed ,VAN,5,16,9,5.33,0,4,2/8,13.0,0,1,0,-7.66,2019,-0.7010000000000001
338,R Panchal ,ESP,5,143,71*,47.66,0,6,3/22,15.5,0,3,0,32.16,2019,12.048000000000002
339,Pavandeep Singh ,MAS,5,2,1*,2.0,0,3,2/19,37.66,0,3,0,-35.66,2019,-9.497999999999998
340,N Pokana ,PNG,5,2,2,2.0,0,5,2/6,11.4,0,1,0,-9.39,2019,-0.8199999999999998
341,S Pokhriyal ,CZK-R,5,170,79,34.0,0,1,1/23,23.0,0,1,0,11.0,2019,3.7
342,A Pusthay ,FIN,5,72,37,14.4,0,2,2/26,45.0,0,2,0,-30.59,2019,-8.379999999999999
343,J Rasu ,VAN,5,131,49,26.2,0,5,5/36,7.2,1,0,0,19.0,2019,7.699999999999999
344,D Ravu ,PNG,5,7,6,3.5,0,10,5/15,8.4,1,2,0,-4.89,2019,2.53
345,DMW Rawlins ,BER,5,130,63,26.0,0,4,2/22,24.0,0,7,0,2.0,2019,2.200000000000001
346,Raza Iqbal ,NOR,5,87,39,17.4,0,5,2/20,17.0,0,1,0,0.4,2019,2.12
347,B Regmi ,NEP,5,2,1*,2.0,0,7,3/20,17.85,0,2,0,-15.85,2019,-1.955
348,MM Ali ,ENG,6,108,61,21.6,0,1,1/10,42.0,0,0,0,-20.39,2020,-5.719999999999999
349,TK Curran ,ENG,6,16,8*,16.0,0,3,1/23,53.0,0,2,0,-36.99,2020,-9.899999999999999
350,CJ Jordan ,ENG,6,21,14*,10.5,0,5,2/29,30.4,0,2,0,-19.89,2020,-3.969999999999999
351,Ashiqullah Said ,Belg,4,7,4*,7.0,0,7,3/15,9.0,0,0,0,-1.99,2020,2.2000000000000006
352,A Ashokan ,CZK-R,4,51,23,12.75,0,2,1/12,48.5,0,2,0,-35.74,2020,-9.924999999999999
353,M Cope ,LUX,4,10,6*,10.0,0,7,3/16,16.28,0,1,0,-6.28,2020,0.9160000000000004
354,WJ Cope ,LUX,4,13,11,13.0,0,6,4/18,11.66,0,2,0,1.33,2020,2.802000000000001
355,S Davizi ,CZK-R,4,45,27,11.25,0,1,1/20,20.0,0,2,0,-8.74,2020,-2.225
356,H Gori ,CZK-R,4,106,38,26.5,0,3,2/22,28.33,0,1,0,-1.83,2020,0.6509999999999998
357,Khalid Ahmadi ,Belg,4,39,25*,39.0,0,6,3/14,13.16,0,0,0,25.83,2020,10.152
358,S Kushretha ,LUX,4,37,28,12.33,0,1,1/27,102.0,0,2,0,-89.66,2020,-26.500999999999998
359,Mamoon Latif ,Belg,4,41,25,10.25,0,1,1/14,14.0,0,3,0,-3.74,2020,-0.7250000000000005
360,K Mendon ,CZK-R,4,26,14,13.0,0,5,3/21,22.8,0,1,0,-9.79,2020,-0.9399999999999995
361,Murid Ekrami ,Belg,4,4,3,4.0,0,2,1/8,33.0,0,3,0,-28.99,2020,-7.9
362,Saber Zakhil ,Belg,4,111,44,37.0,0,5,3/20,19.0,0,5,0,18.0,2020,7.3999999999999995
363,V Vijh ,LUX,4,78,43,19.5,0,6,2/24,18.83,0,0,0,0.66,2020,2.601000000000001
364,S Wickramasekara ,CZK-R,4,75,60,18.75,0,3,2/24,41.66,0,0,0,-22.91,2020,-5.672999999999999
365,AC Agar ,AUS,3,43,23,21.5,0,5,2/27,18.8,0,2,0,2.7,2020,2.8099999999999996
366,Amar Sharma ,MLT,3,20,20,20.0,0,4,3/23,15.5,0,1,0,4.5,2020,2.95
367,Bakhtiar Tahiri ,BUL,3,30,29,15.0,0,2,2/38,28.5,0,0,0,-13.49,2020,-3.249999999999999
368,H Lakov ,BUL,3,20,16,10.0,0,1,1/30,79.0,0,0,0,-68.99,2020,-20.3
369,P Malav ,LUX,3,0,0,0.0,0,4,2/10,15.75,0,1,0,-15.74,2020,-3.1249999999999996
370,GJ Maxwell ,AUS,3,33,26,11.0,0,2,2/14,15.0,0,1,0,-3.99,2020,-0.40000000000000036
371,P Mishra ,BUL,3,8,7,4.0,0,2,2/28,34.5,0,2,0,-30.49,2020,-8.35
372,Shadab Khan ,PAK,3,15,15,15.0,0,5,3/34,23.0,0,0,0,-7.99,2020,-0.39999999999999947
373,M Dixit ,LUX,2,2,2,2.0,0,1,1/15,26.0,0,1,0,-23.99,2020,-6.8
374,A Nanda ,LUX,2,2,2,2.0,0,3,3/21,14.33,0,0,0,-12.33,2020,-2.498999999999999
375,Sulaiman Ali ,BUL,2,28,16,14.0,0,2,2/27,28.0,0,1,0,-13.99,2020,-3.4000000000000004
376,VP Thamotharam ,MLT,2,29,24*,29.0,0,1,1/37,77.0,0,1,0,-47.99,2020,-13.999999999999998
377,CJ Langford ,IOM,1,8,8,8.0,0,1,1/17,17.0,0,0,0,-8.99,2020,-2.3
378,LC Le Tissier ,GUE,1,8,8,8.0,0,2,2/17,8.5,0,0,0,-0.49,2020,0.6500000000000004
379,LM Jongwe ,ZIM,14,98,30*,16.33,0,26,4/18,15.38,0,1,0,0.94,2021,10.684999999999999
380,W Madhevere ,ZIM,14,332,73,23.71,0,2,2/11,65.0,0,5,0,-41.28,2021,-11.587
381,WP Masakadza ,ZIM,14,34,19*,8.5,0,12,3/20,23.91,0,6,0,-15.41,2021,0.1770000000000005
382,Mohammad Hafeez ,PAK,14,106,32,11.77,0,6,3/28,17.16,0,3,0,-5.38,2021,0.7830000000000004
383,T Shamsi ,SA,14,0,0*,0.0,0,22,4/27,13.59,0,1,0,-13.59,2021,4.723000000000001
384,Afif Hossain ,BAN,13,205,49*,25.62,0,1,1/18,18.0,0,3,0,7.62,2021,2.686000000000001
385,Amar Sharma ,MLT,13,61,16,8.71,0,7,2/23,51.28,0,4,0,-42.57,2021,-9.971
386,Bilal Muhammad ,MLT,13,102,30*,20.4,0,19,4/10,14.68,0,0,0,5.71,2021,9.315999999999999
387,CH Gayle ,WI,13,198,67,19.8,0,2,1/1,28.0,0,3,0,-8.19,2021,-1.6600000000000001
388,Mahmudullah ,BAN,13,264,52,26.4,0,2,1/9,40.5,0,7,0,-14.09,2021,-3.4300000000000015
389,AK Markram ,SA,13,408,70,40.8,0,5,3/21,17.2,0,12,0,23.6,2021,9.079999999999998
390,AD Russell ,WI,13,176,51,25.14,0,10,3/43,26.7,0,3,0,-1.55,2021,3.532
391,VP Thamotharam ,MLT,13,285,104*,25.9,1,9,2/22,29.22,0,3,0,-3.31,2021,2.603999999999999
392,Waseem Abbas ,MLT,13,47,14,7.83,0,24,5/37,13.37,1,1,0,-5.54,2021,7.938000000000002
393,B Arora ,MLT,12,299,66*,37.37,0,3,1/14,66.66,0,3,0,-29.29,2021,-7.587
394,DJ Bravo ,WI,12,72,47*,24.0,0,14,4/19,15.5,0,7,0,8.5,2021,8.150000000000002
395,RP Burl ,ZIM,12,181,37*,30.16,0,8,3/22,22.87,0,9,0,7.29,2021,5.387000000000001
396,R Ngarava ,ZIM,12,13,11*,6.5,0,9,2/13,36.33,0,2,0,-29.83,2021,-5.348999999999999
397,Shakib Al Hasan ,BAN,12,196,36,17.81,0,14,4/9,21.35,0,2,0,-3.53,2021,4.537999999999999
398,GF Linde ,SA,11,70,22,8.75,0,13,3/23,20.53,0,5,0,-11.78,2021,1.6660000000000004
399,Mahedi Hasan ,BAN,11,88,23,14.66,0,10,2/12,20.4,0,5,0,-5.73,2021,2.2780000000000005
400,Nasum Ahmed ,BAN,11,5,3*,5.0,0,16,4/10,12.25,0,2,0,-7.24,2021,4.2250000000000005
401,F Akankwasa ,UGA,10,38,19,7.6,0,8,3/11,15.0,0,0,0,-7.39,2021,0.9800000000000004
402,Haris Rauf ,PAK,10,6,6,3.0,0,10,2/18,26.0,0,2,0,-22.99,2021,-2.8999999999999995
403,Hasan Ali ,PAK,10,38,15*,19.0,0,15,4/18,14.93,0,2,0,4.06,2021,7.220999999999999
404,MR Marsh ,AUS,10,375,75,37.5,0,8,3/24,13.62,0,5,0,23.87,2021,10.364
405,Mustafizur Rahman ,BAN,10,4,4,2.0,0,18,4/12,9.94,0,2,0,-7.94,2021,4.818
406,DM Nakrani ,UGA,10,73,38*,12.16,0,10,2/20,18.5,0,1,0,-6.33,2021,2.098
407,Riazat Ali Shah ,UGA,10,218,59,31.14,0,6,3/23,26.33,0,4,0,4.8,2021,3.8430000000000017
408,Usman Qadir ,PAK,10,6,4,3.0,0,8,3/29,23.75,0,0,0,-20.74,2021,-3.0250000000000004
409,FA Allen ,WI,9,105,34,35.0,0,6,2/18,34.66,0,10,0,0.33,2021,2.5020000000000024
410,PVD Chameera ,SL,9,5,2*,1.66,0,11,4/17,17.27,0,1,0,-15.6,2021,-0.2829999999999995
411,PW Hasaranga ,SL,9,46,15,5.75,0,12,4/9,18.41,0,2,0,-12.66,2021,1.0020000000000007
412,B Muzarabani ,ZIM,9,11,8,5.5,0,6,2/21,39.66,0,1,0,-34.16,2021,-7.847999999999997
413,KA Pollard ,WI,9,101,51*,25.25,0,1,1/24,60.0,0,1,0,-34.74,2021,-10.025
414,Shaheen Shah Afridi ,PAK,9,9,7*,9.0,0,8,3/30,33.87,0,7,0,-24.87,2021,-4.260999999999999
415,MD Shanaka ,SL,9,128,50,16.0,0,4,2/20,18.25,0,6,0,-2.24,2021,0.9250000000000007
416,Soumya Sarkar ,BAN,9,158,68,17.55,0,3,2/19,27.66,0,1,0,-10.11,2021,-1.8330000000000002
417,H Ssenyondo ,UGA,9,4,2*,2.0,0,10,4/14,16.3,0,0,0,-14.29,2021,-0.29000000000000004
418,A Zampa ,AUS,9,8,4,2.0,0,9,2/20,27.0,0,2,0,-24.99,2021,-3.8999999999999995
419,Abdul-Shakoor Rahimzei ,GER,8,94,31,11.75,0,1,1/18,51.0,0,2,0,-39.24,2021,-11.375
420,J Albin ,BUL,8,67,18*,22.33,0,4,1/9,30.25,0,1,0,-7.91,2021,-0.7759999999999998
421,TL Chatara ,ZIM,8,3,3*,3.0,0,8,2/23,28.12,0,1,0,-25.12,2021,-4.336
422,WJ Cope ,LUX,8,63,38,12.6,0,4,1/25,49.5,0,2,0,-36.89,2021,-9.469999999999999
423,V Ganesan ,GER,8,72,30,14.4,0,4,2/15,36.0,0,11,0,-21.59,2021,-4.879999999999999
424,SC Getkate ,IRE,8,88,24,14.66,0,8,3/20,17.5,0,2,0,-2.83,2021,2.348
425,JR Hazlewood ,AUS,8,19,13*,9.5,0,12,3/12,16.75,0,0,0,-7.24,2021,2.625000000000001
426,H Lakov ,BUL,8,249,68*,49.8,0,10,2/8,18.6,0,1,0,31.2,2021,13.359999999999998
427,P Mishra ,BUL,8,83,53,11.85,0,5,3/12,37.4,0,1,0,-25.54,2021,-5.664999999999999
428,Mohammad Saifuddin ,BAN,8,27,19,9.0,0,11,3/12,18.9,0,4,0,-9.9,2021,1.4300000000000006
429,D Nikolov ,BUL,8,21,14,4.2,0,2,2/23,42.0,0,5,0,-37.79,2021,-10.54
430,Saber Zakhil ,Belg,8,231,100*,46.2,1,8,3/28,15.37,0,2,0,30.82,2021,12.449000000000002
431,V Saini ,ROM,8,37,16,12.33,0,8,4/12,24.62,0,3,0,-12.29,2021,-0.4870000000000001
432,Sami Ullah ,ROM,8,96,33,19.2,0,13,3/10,13.23,0,2,0,5.96,2021,6.991000000000001
433,Shoriful Islam ,BAN,8,0,0*,0.0,0,15,3/33,13.86,0,4,0,-13.86,2021,1.8420000000000005
434,PR Stirling ,IRE,8,277,115*,39.57,1,2,2/12,27.5,0,3,0,12.07,2021,4.421000000000001
435,Taranjeet Singh ,ROM,8,276,91,39.42,0,9,3/27,17.55,0,2,0,21.87,2021,10.161000000000001
436,V Vijh ,LUX,8,145,31,20.71,0,15,4/19,11.46,0,1,0,9.24,2021,8.775
437,AC Agar ,AUS,7,38,27,6.33,0,4,1/17,42.0,0,6,0,-35.66,2021,-9.100999999999999
438,Khalid Zahid ,SWE,7,84,47*,16.8,0,3,1/31,63.0,0,2,0,-46.19,2021,-12.659999999999998
439,Aqib Iqbal ,Aut,7,26,12*,26.0,0,11,5/5,14.54,1,1,0,11.45,2021,7.838
440,A Ashokan ,CZK-R,7,151,55*,30.2,0,1,1/29,104.0,0,3,0,-73.79,2021,-21.740000000000002
441,SVE Bharathi ,GER,7,2,2*,2.0,0,11,2/16,11.0,0,1,0,-8.99,2021,1.7000000000000002
442,A Bishnoi ,MLT,7,4,3*,1.33,0,5,2/25,29.2,0,1,0,-27.86,2021,-6.361
443,DT Christian ,AUS,7,91,39,22.75,0,2,2/17,40.5,0,1,0,-17.74,2021,-4.525
444,S Davizi ,CZK-R,7,244,57,34.85,0,4,2/13,20.25,0,1,0,14.6,2021,5.9799999999999995
445,Faheem Ashraf ,PAK,7,45,30,9.0,0,5,3/17,28.4,0,3,0,-19.39,2021,-3.8200000000000003
446,BC Fortuin ,SA,7,13,8,6.5,0,9,3/16,15.0,0,3,0,-8.49,2021,1.0499999999999998
447,Gurdeep Singh ,KENYA,7,145,44,24.16,0,2,2/16,15.0,0,3,0,9.16,2021,3.548
448,JO Holder ,WI,7,38,20,19.0,0,6,4/26,16.5,0,1,0,2.5,2021,3.1500000000000012
449,L Karlsson ,SWE,7,13,13,6.5,0,5,3/38,26.6,0,3,0,-20.09,2021,-4.03
450,OC McCoy ,WI,7,2,1*,2.0,0,14,4/22,12.57,0,1,0,-10.57,2021,2.4290000000000003
451,D Muhumuza ,UGA,7,9,4*,4.5,0,3,2/29,29.33,0,2,0,-24.83,2021,-6.249
452,Naveed Ahmed ,CZK-R,7,55,21,18.33,0,6,3/17,24.33,0,3,0,-5.99,2021,0.6000000000000005
453,L Ngidi ,SA,7,0,0,0.0,0,8,3/32,28.62,0,1,0,-28.62,2021,-5.386
454,SO Ngoche ,KENYA,7,77,41*,25.66,0,9,2/9,11.55,0,2,0,14.11,2021,7.833
455,B Niaz ,Belg,7,28,20*,9.33,0,8,4/8,9.87,0,1,0,-0.54,2021,3.0380000000000007
456,Rahel Khan ,SWE,7,133,37,19.0,0,1,1/16,53.0,0,2,0,-33.99,2021,-9.799999999999997
457,Razmal Shigiwal ,Aut,7,206,70,41.2,0,2,2/28,27.0,0,2,0,14.2,2021,5.060000000000002
458,Sahel Zadran ,Aut,7,11,8,11.0,0,6,2/12,32.5,0,2,0,-21.49,2021,-4.05
459,Sahir Naqash ,GER,7,57,17*,19.0,0,8,2/19,19.87,0,3,0,-0.87,2021,2.939
460,Shadab Khan ,PAK,7,43,36*,21.5,0,5,3/52,27.4,0,4,0,-5.89,2021,0.23000000000000043
461,Sheraz Sheikh ,Belg,7,48,19*,12.0,0,7,3/22,15.14,0,3,0,-3.14,2021,1.8580000000000005
462,Simi Singh ,IRE,7,38,28*,12.66,0,7,2/19,23.28,0,3,0,-10.61,2021,-0.38599999999999923
463,M Simpson-Parker ,Aut,7,190,65*,31.66,0,1,1/8,18.0,0,2,0,13.66,2021,4.498
464,AJ Turner ,AUS,7,51,24,10.2,0,1,1/16,40.0,0,1,0,-29.79,2021,-8.540000000000001
465,A Venkatesh ,SWE,7,174,54,24.85,0,9,3/13,14.66,0,3,0,10.19,2021,6.657
466,S Wickramasekara ,CZK-R,7,97,58,19.4,0,3,1/9,40.33,0,1,0,-20.93,2021,-5.078999999999999
467,MR Adair ,IRE,6,31,15*,10.33,0,15,4/23,11.13,0,3,0,-0.79,2021,5.76
468,S Adedeji ,NGA,6,190,68,31.66,0,3,1/16,27.33,0,4,0,4.33,2021,2.4990000000000006
469,VD Adewoye ,NGA,6,29,12,4.83,0,1,1/12,12.0,0,1,0,-7.16,2021,-1.7509999999999994
470,Aftab Kayani ,ROM,6,22,20,11.0,0,9,2/6,11.22,0,2,0,-0.22,2021,3.5340000000000003
471,P Aho ,NGA,6,82,44*,27.33,0,3,1/15,51.0,0,0,0,-23.66,2021,-5.900999999999998
472,Ali Waqar ,CZK-R,6,23,15,7.66,0,2,1/19,76.0,0,2,0,-68.33,2021,-19.702
473,C Karunaratne ,SL,6,69,24*,34.5,0,1,1/34,89.0,0,1,0,-54.49,2021,-15.95
474,LS Livingstone ,ENG,6,190,103,47.5,1,2,1/8,36.0,0,3,0,11.5,2021,4.250000000000002
475,A Nortje ,SA,6,4,4*,4.0,0,6,2/29,22.5,0,1,0,-18.49,2021,-3.1499999999999995
476,NN Odhiambo ,KENYA,6,9,8,4.5,0,5,3/22,21.0,0,1,0,-16.49,2021,-2.95
477,Qudratullah Mir Afzail ,SWE,6,24,13*,8.0,0,4,3/28,23.75,0,1,0,-15.74,2021,-3.125
478,EB Ringera ,KENYA,6,10,8,3.33,0,3,1/23,43.66,0,1,0,-40.33,2021,-10.899
479,MA Starc ,AUS,6,46,14,23.0,0,4,2/33,50.5,0,2,0,-27.49,2021,-6.649999999999999
480,S Vashisht ,ROM,6,1,1,0.5,0,5,4/22,26.2,0,4,0,-25.69,2021,-5.709999999999999
481,K Waiswa ,UGA,6,51,33,12.75,0,3,2/41,24.66,0,1,0,-11.91,2021,-2.3729999999999993
482,CA Young ,IRE,6,33,22,11.0,0,4,2/15,44.0,0,0,0,-32.99,2021,-8.299999999999999
483,DS Airee ,NEP,5,147,60,73.5,0,1,1/7,26.0,0,2,0,47.5,2021,14.649999999999999
484,M Akayezu ,RWN,5,97,51,24.25,0,4,2/17,36.5,0,0,0,-12.24,2021,-2.0749999999999993
485,MK Anafie ,GHA,5,42,21,14.0,0,6,2/32,17.16,0,1,0,-3.16,2021,1.4520000000000008
486,Ashiqullah Said ,Belg,5,10,9,5.0,0,6,3/21,17.66,0,1,0,-12.66,2021,-1.3979999999999997
487,SKA Awiah ,GHA,5,24,22,8.0,0,3,2/26,22.33,0,2,0,-14.33,2021,-3.098999999999999
488,KS Bagabena ,GHA,5,5,3*,5.0,0,6,3/27,17.16,0,4,0,-12.16,2021,-1.2479999999999993
489,Bakhtiar Tahiri ,BUL,5,158,49,39.5,0,4,3/13,16.5,0,1,0,23.0,2021,8.5
490,G Bakiweyem ,GHA,5,1,1,1.0,0,6,3/28,19.66,0,2,0,-18.66,2021,-3.1979999999999995
491,P Bhart ,NOR,5,2,2,2.0,0,4,1/21,27.0,0,1,0,-24.99,2021,-5.8999999999999995
492,Bilal Hassun ,UGA,5,1,1,0.5,0,7,4/17,14.42,0,1,0,-13.92,2021,-1.3759999999999994
493,B Kumar ,IND,20,5,2,1.66,0,27,5/4,16.92,1,1,0,-15.25,2022,6.2219999999999995
494,HH Pandya ,IND,19,436,71*,36.33,0,12,4/33,33.16,0,4,0,3.16,2022,5.751000000000001
495,KC D'Souza ,BUL,17,405,92*,33.75,0,3,2/29,33.66,0,7,0,0.08,2022,1.2270000000000003
496,H Lakov ,BUL,17,326,61,25.07,0,19,3/21,27.42,0,12,0,-2.34,2022,6.895
497,P Mishra ,BUL,17,306,55,18.0,0,12,2/17,43.41,0,2,0,-25.41,2022,-2.8229999999999986
498,LM Jongwe ,ZIM,16,118,35,14.75,0,15,2/16,22.4,0,2,0,-7.64,2022,3.705000000000001
499,Sahel Zadran ,Aut,16,36,19,7.2,0,14,5/13,18.92,1,7,0,-11.72,2022,2.0840000000000005
500,Sikandar Raza ,ZIM,16,516,87,39.69,0,15,4/8,19.06,0,4,0,20.62,2022,12.188999999999997
501,Abdullah Akbarjan ,Aut,15,36,13,4.5,0,20,3/16,15.3,0,9,0,-10.79,2022,4.76
502,A Ashokan ,CZK-R,15,369,50*,36.9,0,11,3/32,28.27,0,5,0,8.62,2022,6.988999999999999
503,S Davizi ,CZK-R,15,612,115*,51.0,2,1,1/25,59.0,0,8,0,-7.99,2022,-2.0
504,W Madhevere ,ZIM,15,347,73*,26.69,0,7,2/15,20.0,0,5,0,6.69,2022,4.807
505,Ritik Tomar ,CZK-R,15,171,38,17.1,0,8,2/18,35.37,0,11,0,-18.27,2022,-2.280999999999999
506,S Wickramasekara ,CZK-R,15,279,63,23.25,0,13,5/15,20.76,1,2,0,2.48,2022,5.947
507,Aqib Iqbal ,Aut,14,141,42*,20.14,0,17,3/10,16.35,0,7,0,3.78,2022,7.937
508,AR Patel ,IND,14,75,20*,15.0,0,16,3/15,18.93,0,4,0,-3.93,2022,5.221000000000001
509,DV Varghese ,BUL,14,25,17,5.0,0,7,1/7,45.0,0,5,0,-39.99,2022,-9.2
510,BP Adapaka ,HUN,13,5,2,2.5,0,8,3/29,37.12,0,1,0,-34.62,2022,-7.185999999999999
511,J Albin ,BUL,13,42,16*,10.5,0,3,1/19,82.33,0,2,0,-71.83,2022,-20.348999999999997
512,MM Ali ,ENG,13,296,55*,42.28,0,7,2/26,29.57,0,1,0,12.71,2022,6.6129999999999995
513,Amjad Mahboob ,SGP,13,32,16,8.0,0,13,3/54,29.84,0,2,0,-21.84,2022,-1.3520000000000003
514,U Aryaman Sunil ,SGP,13,123,36*,13.66,0,11,3/33,33.54,0,3,0,-19.87,2022,-1.5639999999999983
515,Asad Ali Rehemtulla ,BUL,13,37,16,7.4,0,15,4/24,23.8,0,3,0,-16.39,2022,1.080000000000001
516,Avesh Khan ,IND,13,10,8,10.0,0,11,4/18,32.45,0,7,0,-22.45,2022,-2.335000000000001
517,V Baskaran ,SGP,13,20,7,2.85,0,16,3/39,21.25,0,2,0,-18.39,2022,0.8800000000000008
518,Bilal Muhammad ,MLT,13,57,19,6.33,0,16,4/18,23.93,0,6,0,-17.6,2022,1.12
519,RP Burl ,ZIM,13,171,54,21.37,0,11,3/13,15.45,0,2,0,5.92,2022,6.176
520,Iftikhar Ahmed ,PAK,13,204,32,22.66,0,2,1/16,48.5,0,6,0,-25.83,2022,-6.951999999999999
521,Janak Prakash ,SGP,13,302,56,27.45,0,13,3/35,33.38,0,9,0,-5.93,2022,3.4209999999999976
522,HV Mandhyan ,HUN,13,166,41,13.83,0,17,3/30,21.64,0,3,0,-7.81,2022,4.457000000000002
523,Mohammad Nabi ,AFG,13,130,43*,13.0,0,9,2/14,28.33,0,4,0,-15.33,2022,-0.9989999999999988
524,Mohammad Nawaz ,3 (PAK,13,124,42,12.4,0,13,3/5,23.3,0,5,0,-10.9,2022,1.9299999999999997
525,SA Mohandas ,HUN,13,55,26*,27.5,0,13,3/26,26.07,0,3,0,1.42,2022,5.629
526,A Nathwani ,Aut,13,10,7*,10.0,0,23,3/14,11.43,0,1,0,-1.43,2022,8.771
527,Naveed Ahmed ,CZK-R,13,16,7*,5.33,0,15,3/29,18.93,0,1,0,-13.59,2022,1.9200000000000008
528,Omar Rassol ,BUL,13,279,99*,31.0,0,4,2/29,53.5,0,4,0,-22.49,2022,-5.150000000000002
529,Rashid Khan ,AFG,13,88,31*,17.6,0,13,3/22,24.61,0,4,0,-7.01,2022,3.0970000000000013
530,Riazat Ali Shah ,UGA,13,409,98*,51.12,0,4,2/24,58.5,0,3,0,-7.37,2022,-0.6140000000000008
531,K Waiswa ,UGA,13,112,26,11.2,0,8,4/14,21.37,0,5,0,-10.17,2022,0.14900000000000002
532,MR Adair ,IRE,12,122,37*,20.33,0,13,3/16,29.23,0,4,0,-8.89,2022,2.5299999999999994
533,B Arora ,MLT,12,213,60,17.75,0,7,1/12,40.71,0,2,0,-22.96,2022,-4.087999999999999
534,Azmatullah Omarzai ,AFG,12,63,15*,12.6,0,1,1/25,189.0,0,3,0,-176.39,2022,-52.519999999999996
535,GJ Delany ,IRE,12,39,16,4.33,0,10,3/33,23.7,0,1,0,-19.36,2022,-1.811
536,GH Dockrell ,IRE,12,250,58*,50.0,0,4,2/7,20.5,0,6,0,29.5,2022,10.450000000000003
537,Haris Rauf ,PAK,12,40,13*,8.0,0,16,3/29,21.37,0,1,0,-13.37,2022,2.3890000000000002
538,DR Hooper ,GUE,12,44,14,22.0,0,9,3/21,36.22,0,3,0,-14.22,2022,-0.6660000000000004
539,Iqbal Hossain ,Aut,12,412,71,37.45,0,4,3/22,10.5,0,6,0,26.95,2022,9.685
540,JB Little ,IRE,12,14,7*,14.0,0,20,4/35,18.5,0,4,0,-4.49,2022,6.6499999999999995
541,F Nsubuga ,UGA,12,29,15,7.25,0,9,2/16,24.22,0,2,0,-16.97,2022,-1.4909999999999988
542,HV Patel ,IND,12,41,13,10.25,0,13,4/25,25.69,0,4,0,-15.44,2022,0.5680000000000005
543,WA Peatfield ,GUE,12,23,12*,23.0,0,17,4/22,13.82,0,1,0,9.17,2022,9.553999999999998
544,AR Puri ,SGP,12,3,1*,1.5,0,12,3/26,25.08,0,2,0,-23.58,2022,-2.2739999999999982
545,Sazib Bhuiyan ,CZK-R,12,96,51,13.71,0,12,3/24,22.08,0,3,0,-8.36,2022,2.2890000000000006
546,MWR Stokes ,GUE,12,271,48,33.87,0,11,2/11,22.36,0,6,0,11.51,2022,7.853000000000001
547,WAE Burton ,SRB,11,203,83,20.3,0,4,3/25,10.25,0,5,1,10.05,2022,4.615
548,WJ Cope ,LUX,11,94,37,13.42,0,10,3/39,20.7,0,3,0,-7.27,2022,1.8159999999999998
549,SM Curran ,ENG,11,45,17,9.0,0,7,2/23,45.57,0,6,0,-36.57,2022,-8.171
550,SKS Gill ,LUX,11,208,47,23.11,0,6,2/14,31.16,0,2,0,-8.05,2022,-0.014999999999998792
551,Ijaz Hussain ,ROM,11,79,24*,11.28,0,14,4/28,14.71,0,3,0,-3.42,2022,4.571
552,NR Johns-Wickberg ,SRB,11,33,15,11.0,0,11,3/6,24.36,0,2,0,-13.36,2022,0.39200000000000035
553,Khaibar Deldar ,HUN,11,147,40,13.36,0,3,1/17,30.66,0,5,0,-17.3,2022,-3.99
554,A Mene-Ejegi ,SRB,11,106,32*,13.25,0,11,4/30,23.72,0,5,0,-10.47,2022,1.2590000000000003
555,V Saini ,ROM,11,264,60*,37.71,0,7,2/4,28.57,0,7,0,9.14,2022,5.542000000000002
556,R Satheesan ,ROM,11,313,86*,31.3,0,5,3/37,22.4,0,3,0,8.9,2022,4.670000000000001
557,Shahil Momin ,Aut,11,171,48*,28.5,0,19,4/19,12.52,0,7,0,15.97,2022,12.393999999999998
558,M Shumba ,ZIM,11,110,29*,15.71,0,3,3/16,18.0,0,8,0,-2.28,2022,0.5130000000000008
559,Taranjeet Singh ,ROM,11,428,110,42.8,1,17,4/17,13.76,0,6,0,29.03,2022,15.512
560,VP Thamotharam ,MLT,11,274,57,30.44,0,13,3/22,14.07,0,3,0,16.36,2022,10.111
561,V Zimonjic ,SRB,11,43,27*,14.33,0,10,3/26,25.3,0,1,0,-10.96,2022,0.7089999999999996
562,Afif Hossain ,BAN,10,309,77*,44.14,0,1,1/10,28.0,0,2,0,16.14,2022,5.241999999999999
563,Aizaz Khan ,HKG,10,65,20,8.12,0,12,3/22,20.5,0,3,0,-12.37,2022,1.0860000000000012
564,Amar Sharma ,MLT,10,62,34*,31.0,0,10,3/24,25.3,0,0,0,5.7,2022,5.709999999999999
565,Amjad Sher ,FIN,10,91,22*,11.37,0,8,2/22,33.62,0,3,0,-22.24,2022,-3.4749999999999988
566,L Bruce ,GIBR,10,209,99*,23.22,0,5,2/34,53.0,0,4,0,-29.77,2022,-6.933999999999999
567,Ehsan Khan ,HKG,10,10,6*,2.5,0,20,4/24,11.95,0,3,0,-9.44,2022,5.165000000000001
568,PF Gallagher ,FIN,10,107,34*,13.37,0,12,3/33,18.91,0,5,0,-5.54,2022,3.138
569,Imran Ameer ,MLT,10,128,31*,25.6,0,6,2/22,36.83,0,2,0,-11.23,2022,-0.9689999999999994
570,Jaweed Sadran ,Aut,10,43,18*,10.75,0,8,3/17,23.12,0,2,0,-12.37,2022,-0.5109999999999992
571,M Kadyan ,BUL,10,90,50,15.0,0,7,2/20,29.85,0,0,0,-14.85,2022,-1.6549999999999994
572,OC McCoy ,WI,10,25,23*,12.5,0,16,6/17,20.93,1,2,0,-8.43,2022,3.8710000000000004
573,KA Maharaj ,SA,10,15,11,7.5,0,9,2/21,29.77,0,6,0,-22.27,2022,-3.0809999999999995
574,DJ Mitchell ,NZ,10,265,51*,33.12,0,1,1/6,21.0,0,5,0,12.12,2022,4.035999999999999
575,Mohammad Ghazanfar ,HKG,10,5,3,2.5,0,11,3/22,21.45,0,0,0,-18.95,2022,-1.2849999999999993
576,Mujeeb Ur Rahman ,AFG,10,19,18,19.0,0,13,3/16,16.46,0,0,0,2.53,2022,5.962000000000001
577,S Muniandy ,MAS,10,98,40,32.66,0,4,3/21,13.25,0,4,0,19.41,2022,7.422999999999998
578,JDS Neesham ,NZ,10,191,33*,38.2,0,4,2/9,31.0,0,5,0,7.2,2022,3.7600000000000016
579,BA Pai ,GIBR,10,406,86*,58.0,0,7,2/38,37.28,0,3,0,20.71,2022,9.016
580,AU Rashid ,ENG,10,6,3*,3.0,0,7,2/17,44.57,0,5,0,-41.57,2022,-9.671
581,MJ Santner ,NZ,10,103,77*,51.5,0,12,3/15,20.83,0,5,0,30.66,2022,14.001000000000001
582,KD Shah ,HKG,10,167,37,23.85,0,2,1/11,48.0,0,4,0,-24.14,2022,-6.4449999999999985
583,IS Sodhi ,NZ,10,26,19,13.0,0,16,4/28,18.12,0,7,0,-5.12,2022,4.864000000000001
584,Syed Aziz ,MAS,10,172,56,28.66,0,5,2/21,20.2,0,5,0,8.46,2022,4.537999999999999
585,MB Tambe ,FIN,10,53,31*,13.25,0,13,3/21,19.0,0,4,0,-5.74,2022,3.4750000000000005
586,Virandeep Singh ,MAS,10,234,72,33.42,0,14,3/4,7.71,0,4,0,25.71,2022,13.313000000000002
587,AG Weligamage ,HUN,10,74,45,14.8,0,5,3/45,40.6,0,4,0,-25.79,2022,-5.739999999999999
588,Yasim Murtaza ,HKG,10,162,58,18.0,0,7,3/19,33.14,0,2,0,-15.14,2022,-1.7420000000000009
589,Ahmadullah Shinwari ,NOR,9,13,7,3.25,0,9,2/9,16.88,0,4,0,-13.63,2022,-0.488999999999999
590,Azam Khalil ,SWE,9,98,29,14.0,0,9,3/15,19.77,0,3,0,-5.77,2022,1.8690000000000007
591,J Bulele ,MOZ,9,226,53,25.11,0,11,3/22,17.9,0,3,0,7.2,2022,6.563000000000001
592,LA Burns ,ESP,9,88,47,17.6,0,15,5/11,11.26,1,2,0,6.33,2022,7.902000000000001
593,C Campher ,IRE,9,96,29,16.0,0,3,2/13,40.33,0,5,0,-24.33,2022,-6.098999999999998
594,FA Cossa ,MOZ,9,141,68,28.2,0,11,2/7,14.81,0,4,0,13.38,2022,8.417
595,F Damiao Couana ,MOZ,9,165,53,27.5,0,10,3/8,16.9,0,5,0,10.6,2022,7.180000000000001
596,Gaurav Mishra ,ROM,9,62,24,20.66,0,3,1/17,58.0,0,1,0,-37.33,2022,-10.001999999999999
597,M Gouws ,GIBR,9,82,37,11.71,0,2,1/16,70.5,0,1,0,-58.78,2022,-16.836999999999996
598,Hamid Mahmood ,SWE,9,189,69,31.5,0,6,3/10,16.16,0,3,0,15.33,2022,7.002
599,PW Hasaranga ,SL,9,103,36,17.16,0,14,4/33,18.78,0,4,0,-1.61,2022,5.114000000000001
600,DJ Hooda ,IND,9,272,104,45.33,1,1,1/3,8.0,0,9,0,37.33,2022,11.598999999999998
601,JJ Huo ,MOZ,9,126,28*,31.5,0,17,4/11,9.47,0,3,0,22.02,2022,13.408999999999999
602,L Karlsson ,SWE,9,30,14,10.0,0,13,4/20,10.23,0,9,0,-0.23,2022,5.130999999999999
603,C Karunaratne ,SL,9,81,31,20.25,0,7,2/27,25.28,0,2,0,-5.03,2022,1.2910000000000004
604,A Kheterpal ,HUN,9,143,42,28.6,0,2,1/19,129.5,0,2,0,-100.89,2022,-29.47
605,ML Kostic ,SRB,9,37,15,6.16,0,3,1/23,50.33,0,1,0,-44.16,2022,-12.050999999999998
606,BJ McCarthy ,IRE,9,59,32,14.75,0,5,3/34,53.4,0,6,0,-38.64,2022,-9.594999999999999
607,J Miyagi ,UGA,9,42,26,10.5,0,14,3/7,13.5,0,2,0,-2.99,2022,4.7
